CREATE DATABASE  IF NOT EXISTS `estante`;
USE `estante`;

DROP TABLE IF EXISTS `autor`;
CREATE TABLE `autor` (
  `id` int NOT NULL AUTO_INCREMENT,
  `nome` varchar(100) NOT NULL,
  `email` varchar(100) NOT NULL,
  `website` varchar(150) DEFAULT NULL,
  PRIMARY KEY (`id`)
);

--
-- Dumping data for table `autor`
--

INSERT INTO `autor` VALUES (1,'Andre Milani','andremilani@email.com','www.andremilani.com.br'),(2,'Yuri Marx Pereira Gomes','yuri@email.com','www.yurigomes.com.br'),(3,'Maurício Samy Silva','samysilva@email.com','www.mauriciosilva.com.br'),(4,'Ken WILLIAMSON','ken@email.com','www.ken.com.br'),(5,'Juliano NIEDERAUER','juliano@email.com','www.juliano.com.br'),(6,'Prabhakar METLAPALLI','metlapalli@email.com','www.metlapalli.com.br'),(9,'Teodorico Thickins','tthickins0@newyorker.com','https://usda.gov'),(10,'Waneta Subhan','wsubhan1@360.cn','https://thetimes.co.uk'),(11,'Jannel Lecount','jlecount2@cyberchimps.com','https://artisteer.com'),(12,'Merv Knellen','mknellen3@hatena.ne.jp','http://angelfire.com'),(13,'Tanner Hurcombe','thurcombe4@imgur.com','https://loc.gov'),(14,'Conroy Tambling','ctambling5@redcross.org','http://europa.eu'),(15,'Tammie Sutherland','tsutherland6@artisteer.com','http://list-manage.com'),(16,'Lin Jaquet','ljaquet7@netlog.com','https://vinaora.com'),(17,'Cinnamon Ducket','cducket8@fema.gov','https://dmoz.org'),(18,'Corina Hearnah','chearnah9@instagram.com','http://businessweek.com'),(19,'Cathleen Burdell','cburdella@ustream.tv','http://patch.com'),(20,'Tedd Endersby','tendersbyb@home.pl','https://desdev.cn'),(21,'Olin Sturman','osturmanc@yahoo.co.jp','http://nydailynews.com'),(22,'Modesty Leber','mleberd@wsj.com','http://washingtonpost.com'),(23,'Fifi Rannald','frannalde@cornell.edu','https://ocn.ne.jp'),(24,'Ludwig Kennally','lkennallyf@state.tx.us','http://blogger.com'),(25,'Ellary Bleue','ebleueg@bigcartel.com','http://e-recht24.de'),(26,'Felix Statefield','fstatefieldh@blogger.com','https://bloglines.com'),(27,'Wyatt Barrie','wbarriei@oakley.com','http://umn.edu'),(28,'Doug Phebee','dphebeej@icq.com','https://hexun.com'),(29,'Emanuel Celes','ecelesk@reddit.com','http://bbc.co.uk'),(30,'Guendolen Boyda','gboydal@networkadvertising.org','https://fotki.com'),(31,'Carol Collop','ccollopm@businessweek.com','https://who.int'),(32,'Claybourne Hurford','churfordn@dot.gov','https://is.gd'),(33,'Cord Cordle','ccordleo@cnet.com','https://ed.gov'),(34,'Nicole Leimster','nleimsterp@hubpages.com','http://yellowbook.com'),(35,'Clyde Hovee','choveeq@sphinn.com','https://photobucket.com'),(36,'Brittni Rohloff','brohloffr@wikimedia.org','https://comsenz.com'),(37,'Bendick Scones','bsconess@addthis.com','https://vimeo.com'),(38,'Stephie Ellerton','sellertont@uiuc.edu','http://desdev.cn'),(39,'Fleur Giacomucci','fgiacomucciu@cargocollective.com','https://auda.org.au'),(40,'Ethelin McCluskey','emccluskeyv@booking.com','http://theguardian.com'),(41,'Clio Blundell','cblundellw@army.mil','https://miitbeian.gov.cn'),(42,'Gilbertina Gliddon','ggliddonx@howstuffworks.com','https://answers.com'),(43,'Sarene Ewan','sewany@blogtalkradio.com','http://techcrunch.com'),(44,'Xylia Izakoff','xizakoffz@umn.edu','http://hexun.com'),(45,'Marjy Bazek','mbazek10@a8.net','http://youku.com'),(46,'Etheline Bever','ebever11@msn.com','https://examiner.com'),(47,'Candy Reach','creach12@ocn.ne.jp','https://feedburner.com'),(48,'Jandy Glaysher','jglaysher13@rambler.ru','https://pinterest.com'),(49,'Corrinne MacKibbon','cmackibbon14@umich.edu','https://wordpress.org'),(50,'Keenan Austin','kaustin15@yellowbook.com','https://cloudflare.com'),(51,'Leann Christal','lchristal16@twitter.com','https://patch.com'),(52,'Electra Lonsdale','elonsdale17@dailymail.co.uk','http://ehow.com'),(53,'Charmine Cowdroy','ccowdroy18@howstuffworks.com','https://sfgate.com'),(54,'Urbain McGarahan','umcgarahan19@privacy.gov.au','https://marketwatch.com'),(55,'Geordie Caldicott','gcaldicott1a@barnesandnoble.com','http://netvibes.com'),(56,'Bendick Braime','bbraime1b@chicagotribune.com','https://youku.com'),(57,'Sherlock Goodrich','sgoodrich1c@newsvine.com','http://zimbio.com'),(58,'Hubie Dunseath','hdunseath1d@engadget.com','https://fastcompany.com'),(59,'Jacinthe Dunkerton','jdunkerton1e@businessweek.com','https://pen.io'),(60,'Yovonnda Clynmans','yclynmans1f@oaic.gov.au','https://usa.gov'),(61,'Christi Langelay','clangelay1g@wikispaces.com','http://youtube.com'),(62,'Norry Grubbe','ngrubbe1h@usnews.com','https://fc2.com'),(63,'Anstice Benazet','abenazet1i@smugmug.com','https://myspace.com'),(64,'Nanci Shillan','nshillan1j@wunderground.com','http://kickstarter.com'),(65,'Leona Gerauld','lgerauld1k@bluehost.com','https://newsvine.com'),(66,'Alfy Tybalt','atybalt1l@goo.ne.jp','https://parallels.com'),(67,'Yves Bartolomeazzi','ybartolomeazzi1m@hibu.com','https://usa.gov'),(68,'Grayce Causley','gcausley1n@jugem.jp','https://ed.gov'),(69,'Ike Boult','iboult1o@bluehost.com','https://skyrock.com'),(70,'Sybil Sant','ssant1p@gizmodo.com','http://newyorker.com'),(71,'Celine Winspur','cwinspur1q@businesswire.com','http://google.cn'),(72,'Freddy Sommerville','fsommerville1r@ustream.tv','https://intel.com'),(73,'Rancell Galilee','rgalilee1s@dmoz.org','https://clickbank.net'),(74,'Marta Ball','mball1t@ehow.com','http://drupal.org'),(75,'Liz Jermin','ljermin1u@reverbnation.com','http://gravatar.com'),(76,'Sabina Ferrie','sferrie1v@whitehouse.gov','https://auda.org.au'),(77,'Mariam Paule','mpaule1w@slate.com','http://google.nl'),(78,'Codi Dundendale','cdundendale1x@auda.org.au','https://jugem.jp'),(79,'Isabelita Favelle','ifavelle1y@smugmug.com','https://whitehouse.gov'),(80,'Lucia Craister','lcraister1z@artisteer.com','https://ning.com'),(81,'Rachele Betts','rbetts20@state.tx.us','https://time.com'),(82,'Morie Wooderson','mwooderson21@epa.gov','http://xing.com'),(83,'Gates Dabrowski','gdabrowski22@lulu.com','http://jimdo.com'),(84,'Carry Spyvye','cspyvye23@sourceforge.net','http://list-manage.com'),(85,'Hermione Kennaway','hkennaway24@imageshack.us','https://merriam-webster.com'),(86,'Cam Mousby','cmousby25@census.gov','https://diigo.com'),(87,'Ileana Shoveller','ishoveller26@myspace.com','https://columbia.edu'),(88,'Cy Fredy','cfredy27@upenn.edu','http://blogger.com'),(89,'Torrin Deeming','tdeeming28@omniture.com','https://posterous.com'),(90,'Jude Brame','jbrame29@statcounter.com','https://icio.us'),(91,'Udall Wickins','uwickins2a@etsy.com','http://goodreads.com'),(92,'Ebeneser Soane','esoane2b@narod.ru','http://parallels.com'),(93,'Stanislaw Brabbs','sbrabbs2c@goo.gl','https://patch.com'),(94,'Trenna Crosdill','tcrosdill2d@tinypic.com','https://etsy.com'),(95,'Meir Stowgill','mstowgill2e@paginegialle.it','https://census.gov'),(96,'Phelia Finneran','pfinneran2f@blogspot.com','http://indiegogo.com'),(97,'Lind Pattemore','lpattemore2g@census.gov','http://java.com'),(98,'Denna Ondrousek','dondrousek2h@ovh.net','http://linkedin.com'),(99,'Sigvard Osgood','sosgood2i@sohu.com','https://twitpic.com'),(100,'Andreana Kubala','akubala2j@fc2.com','http://hud.gov'),(101,'Alma Revens','arevens2k@intel.com','https://youku.com'),(102,'Beale Mealiffe','bmealiffe2l@myspace.com','http://pbs.org'),(103,'Monah MacGlory','mmacglory2m@rambler.ru','http://weebly.com'),(104,'Ruy Pughsley','rpughsley2n@huffingtonpost.com','https://washingtonpost.com'),(105,'Paige Aizkovitch','paizkovitch2o@scientificamerican.com','http://zdnet.com'),(106,'Jemmie Leggs','jleggs2p@skyrock.com','http://admin.ch'),(107,'Judi Loiterton','jloiterton2q@adobe.com','https://sfgate.com'),(108,'Hannie Newsham','hnewsham2r@forbes.com','https://about.me'),(109,'Alyse Wood','awood0@privacy.gov.au','http://baidu.com'),(110,'Marianna Mixhel','mmixhel1@merriam-webster.com','https://google.com.hk'),(111,'Paige Ismead','pismead2@t-online.de','http://printfriendly.com'),(112,'Mariette Denisot','mdenisot3@hostgator.com','http://elegantthemes.com'),(113,'Hatti Bowe','hbowe4@ameblo.jp','https://people.com.cn'),(114,'Edita Gilhooley','egilhooley5@acquirethisname.com','https://ibm.com'),(115,'Keely Copcott','kcopcott6@army.mil','https://ycombinator.com'),(116,'Hortense Westhoff','hwesthoff7@netscape.com','https://smugmug.com'),(117,'Jorry Downs','jdowns8@edublogs.org','https://blog.com'),(118,'Borden Boole','bboole9@pen.io','http://cmu.edu'),(119,'Abbye Batterbee','abatterbeea@slideshare.net','http://ehow.com'),(120,'Winnah Scrace','wscraceb@hp.com','https://slate.com'),(121,'Lavinia Casburn','lcasburnc@tmall.com','http://theatlantic.com'),(122,'Othelia Alelsandrovich','oalelsandrovichd@moonfruit.com','https://twitpic.com'),(123,'Janean Couth','jcouthe@123-reg.co.uk','https://deviantart.com'),(124,'Darwin Everett','deverettf@themeforest.net','http://fda.gov'),(125,'Marsh Peto','mpetog@pinterest.com','http://jugem.jp'),(126,'Husein Stallard','hstallardh@dailymotion.com','https://unicef.org'),(127,'Livvy Faragan','lfaragani@nhs.uk','https://dyndns.org'),(128,'Dasya McGurgan','dmcgurganj@pen.io','https://usgs.gov'),(129,'Helena Pieracci','hpieraccik@wisc.edu','https://pagesperso-orange.fr'),(130,'Merv Bursnall','mbursnalll@123-reg.co.uk','http://elpais.com'),(131,'Hobey Casacchia','hcasacchiam@epa.gov','http://xrea.com'),(132,'Germaine Anespie','ganespien@google.es','http://zimbio.com'),(133,'Rhys Hardy','rhardyo@yahoo.com','http://vinaora.com'),(134,'Biron Glozman','bglozmanp@intel.com','https://adobe.com'),(135,'Purcell Statham','pstathamq@360.cn','http://washingtonpost.com'),(136,'Celle Broschek','cbroschekr@nature.com','http://hao123.com'),(137,'Morly Argo','margos@hexun.com','https://1und1.de'),(138,'Stephanus Stockwell','sstockwellt@tiny.cc','https://uol.com.br'),(139,'Yvor Auguste','yaugusteu@gizmodo.com','https://cmu.edu'),(140,'Whitaker Haryngton','wharyngtonv@wufoo.com','https://amazon.de'),(141,'Alon Gudgin','agudginw@shutterfly.com','http://cdbaby.com'),(142,'Sosanna Phittiplace','sphittiplacex@apple.com','http://nyu.edu'),(143,'Jerrie Norcross','jnorcrossy@wikipedia.org','http://vk.com'),(144,'Catlaina Sellwood','csellwoodz@nhs.uk','https://github.io'),(145,'Vi Vink','vvink10@wikia.com','http://feedburner.com'),(146,'Lily Compfort','lcompfort11@theatlantic.com','http://dropbox.com'),(147,'Orelia Burnel','oburnel12@phpbb.com','http://washington.edu'),(148,'Erick Dilnot','edilnot13@who.int','https://mapquest.com'),(149,'Ailina Cluatt','acluatt14@google.de','https://etsy.com'),(150,'Jasmine Drysdell','jdrysdell15@liveinternet.ru','https://wiley.com'),(151,'Gabrila Hawarden','ghawarden16@list-manage.com','https://ucla.edu'),(152,'Iona Shillabeer','ishillabeer17@ifeng.com','https://blogger.com'),(153,'Petronella Junkin','pjunkin18@networksolutions.com','http://unicef.org'),(154,'Donny Sprosson','dsprosson19@oakley.com','http://fastcompany.com'),(155,'Germayne Boyett','gboyett1a@cafepress.com','http://biblegateway.com'),(156,'Myranda Brigden','mbrigden1b@comsenz.com','https://nydailynews.com'),(157,'Carlina Atterley','catterley1c@vkontakte.ru','https://usa.gov'),(158,'Linus Stadden','lstadden1d@comcast.net','http://ask.com'),(159,'Micaela Alam','malam1e@networksolutions.com','https://nature.com'),(160,'Mikael Ingham','mingham1f@china.com.cn','http://moonfruit.com'),(161,'Gretta Eccleston','geccleston1g@slate.com','https://nps.gov'),(162,'Sherry Lesley','slesley1h@loc.gov','https://people.com.cn'),(163,'Missy O\'Sesnane','mosesnane1i@icq.com','http://purevolume.com'),(164,'Kip Screech','kscreech1j@ucoz.ru','https://youku.com'),(165,'Enrico Dunphie','edunphie1k@chron.com','http://1688.com'),(166,'Dosi Keeney','dkeeney1l@miitbeian.gov.cn','https://zimbio.com'),(167,'Zedekiah Roxbrough','zroxbrough1m@xinhuanet.com','https://disqus.com'),(168,'Noland Speedy','nspeedy1n@liveinternet.ru','https://hatena.ne.jp'),(169,'Herbie Woollacott','hwoollacott1o@w3.org','http://netlog.com'),(170,'Ardelia Panchen','apanchen1p@msu.edu','https://com.com'),(171,'Johan Twomey','jtwomey1q@oakley.com','http://wix.com'),(172,'Diannne Oxlee','doxlee1r@state.gov','https://hao123.com'),(173,'Boycey Twoohy','btwoohy1s@printfriendly.com','http://devhub.com'),(174,'Rita Crickmore','rcrickmore1t@a8.net','http://slate.com'),(175,'Agace Steuhlmeyer','asteuhlmeyer1u@sfgate.com','http://usda.gov'),(176,'Cary Malarkey','cmalarkey1v@creativecommons.org','http://yahoo.com'),(177,'Darci Gyrgorwicx','dgyrgorwicx1w@go.com','https://independent.co.uk'),(178,'Cesar McGaugey','cmcgaugey1x@sciencedaily.com','http://yahoo.com'),(179,'Vi Gypps','vgypps1y@themeforest.net','http://yellowbook.com'),(180,'Jason Gilfillan','jgilfillan1z@bbc.co.uk','http://goodreads.com'),(181,'Cassy Clemetts','cclemetts20@jugem.jp','http://weebly.com'),(182,'Germain Fludder','gfludder21@google.co.jp','http://arizona.edu'),(183,'Virginie Ducroe','vducroe22@mapy.cz','https://auda.org.au'),(184,'Consalve Andreone','candreone23@ucoz.ru','http://bbb.org'),(185,'Korrie Wix','kwix24@quantcast.com','https://hubpages.com'),(186,'Jeanelle Girardetti','jgirardetti25@huffingtonpost.com','http://marketwatch.com'),(187,'Woodman Frensche','wfrensche26@webeden.co.uk','https://biblegateway.com'),(188,'Jolene Bellchamber','jbellchamber27@amazon.com','https://ucoz.ru'),(189,'Gill Haestier','ghaestier28@bizjournals.com','http://patch.com'),(190,'Jilleen Manntschke','jmanntschke29@twitpic.com','http://toplist.cz'),(191,'Yoshi Romaint','yromaint2a@xinhuanet.com','http://usatoday.com'),(192,'Stefanie Crandon','scrandon2b@hibu.com','https://nytimes.com'),(193,'Oriana Barsam','obarsam2c@meetup.com','http://google.com.br'),(194,'Maia Spillman','mspillman2d@yelp.com','https://indiatimes.com'),(195,'Llewellyn Biers','lbiers2e@chicagotribune.com','https://deviantart.com'),(196,'Talbert Graalman','tgraalman2f@aol.com','http://mapy.cz'),(197,'Merrick De Domenico','mde2g@wikipedia.org','https://weibo.com'),(198,'Tobie Peckitt','tpeckitt2h@va.gov','http://oracle.com'),(199,'Hebert Marzelli','hmarzelli2i@aboutads.info','https://dion.ne.jp'),(200,'Susan Jinkinson','sjinkinson2j@foxnews.com','http://youtu.be'),(201,'Luke Desbrow','ldesbrow2k@google.it','http://goodreads.com'),(202,'Milicent Bromehead','mbromehead2l@imdb.com','https://cargocollective.com'),(203,'Scotti Tuffs','stuffs2m@msu.edu','http://nih.gov'),(204,'Osbourn Gerber','ogerber2n@weibo.com','http://alexa.com'),(205,'Ardis Jewis','ajewis2o@xing.com','https://linkedin.com'),(206,'Rachael Krzyzowski','rkrzyzowski2p@odnoklassniki.ru','https://so-net.ne.jp'),(207,'Thea Conkie','tconkie2q@hexun.com','http://narod.ru'),(208,'Agnes Milmore','amilmore2r@nsw.gov.au','http://economist.com'),(209,'Leese Barnet','lbarnet0@gov.uk','https://diigo.com'),(210,'Carin O\'Rodane','corodane1@nasa.gov','https://japanpost.jp'),(211,'Alexa McOwan','amcowan2@utexas.edu','http://sitemeter.com'),(212,'Esmeralda Cridlon','ecridlon3@bloglovin.com','https://home.pl'),(213,'Flemming McCalister','fmccalister4@sbwire.com','https://nyu.edu'),(214,'Corry Pocock','cpocock5@bloglines.com','http://sphinn.com'),(215,'Aloise Cadlock','acadlock6@fotki.com','https://drupal.org'),(216,'Lay Caudle','lcaudle7@icio.us','http://cisco.com'),(217,'Innis Halpine','ihalpine8@unc.edu','http://linkedin.com'),(218,'Orran Lidgey','olidgey9@newyorker.com','https://myspace.com'),(219,'Matthaeus Cage','mcagea@chicagotribune.com','https://reuters.com'),(220,'Simone Richt','srichtb@pbs.org','http://alibaba.com'),(221,'Nikoletta Castellucci','ncastelluccic@forbes.com','http://ow.ly'),(222,'Batholomew Stidever','bstideverd@netlog.com','https://pbs.org'),(223,'Carson Fourmy','cfourmye@reddit.com','https://youku.com'),(224,'Christalle Alldritt','calldrittf@bloglovin.com','https://narod.ru'),(225,'Annnora Winterscale','awinterscaleg@pinterest.com','https://statcounter.com'),(226,'Aprilette Andreopolos','aandreopolosh@netlog.com','http://ucsd.edu'),(227,'Margalit Wychard','mwychardi@about.me','https://paginegialle.it'),(228,'Felicia Molineaux','fmolineauxj@admin.ch','http://linkedin.com'),(229,'Alasteir Grigolli','agrigollik@google.es','https://squidoo.com'),(230,'Maxi Boake','mboakel@tuttocitta.it','https://abc.net.au'),(231,'Amargo Muscott','amuscottm@so-net.ne.jp','http://sogou.com'),(232,'Kimmi Benedicte','kbenedicten@homestead.com','https://ameblo.jp'),(233,'Ninnetta Schruyer','nschruyero@ucoz.ru','http://seattletimes.com'),(234,'Dotti Gaitskell','dgaitskellp@geocities.jp','https://springer.com'),(235,'D\'arcy Colleck','dcolleckq@networksolutions.com','https://plala.or.jp'),(236,'Robert Wyldish','rwyldishr@nydailynews.com','https://photobucket.com'),(237,'Wright Oldershaw','woldershaws@mapquest.com','http://yale.edu'),(238,'Karly Ivory','kivoryt@cafepress.com','http://mysql.com'),(239,'Jacklin Orae','joraeu@reference.com','https://imageshack.us'),(240,'Adan Folke','afolkev@vk.com','https://ted.com'),(241,'Dimitri Domenici','ddomeniciw@google.ca','https://cnbc.com'),(242,'Alanson Venables','avenablesx@fotki.com','http://zdnet.com'),(243,'Chrysler Hands','chandsy@lycos.com','https://amazon.com'),(244,'Benedetto Ralestone','bralestonez@prlog.org','https://fda.gov'),(245,'Andreas Sultan','asultan10@nhs.uk','https://printfriendly.com'),(246,'Vergil Gartrell','vgartrell11@prweb.com','https://nydailynews.com'),(247,'Darline Dutson','ddutson12@bigcartel.com','https://sakura.ne.jp'),(248,'Forrester de Guerre','fde13@phoca.cz','https://de.vu'),(249,'Zita Clinch','zclinch14@1und1.de','https://dmoz.org'),(250,'Kerby Henrych','khenrych15@blogspot.com','http://ucla.edu'),(251,'Alex Cano','acano16@timesonline.co.uk','https://auda.org.au'),(252,'Katleen Onion','konion17@elegantthemes.com','http://state.tx.us'),(253,'Annie Jay','ajay18@myspace.com','https://de.vu'),(254,'Freddy Hadley','fhadley19@mtv.com','http://studiopress.com'),(255,'Griffie Crevy','gcrevy1a@msn.com','http://fc2.com'),(256,'Zondra Klimek','zklimek1b@google.com','https://blog.com'),(257,'Tanney Pettersen','tpettersen1c@feedburner.com','https://va.gov'),(258,'Ichabod Corkhill','icorkhill1d@is.gd','http://shareasale.com'),(259,'Merilyn Perrott','mperrott1e@indiatimes.com','http://ox.ac.uk'),(260,'Brendan Garforth','bgarforth1f@elpais.com','http://bbb.org'),(261,'Upton Bolens','ubolens1g@washingtonpost.com','https://pcworld.com'),(262,'Georgena Magrannell','gmagrannell1h@usda.gov','http://istockphoto.com'),(263,'Jerome Sculpher','jsculpher1i@purevolume.com','https://stanford.edu'),(264,'Alvy Zorzetti','azorzetti1j@de.vu','https://irs.gov'),(265,'Sumner Trasler','strasler1k@telegraph.co.uk','http://mashable.com'),(266,'Marys Mulderrig','mmulderrig1l@studiopress.com','http://wufoo.com'),(267,'Janis Eudall','jeudall1m@hc360.com','https://tinyurl.com'),(268,'Lucie Capineer','lcapineer1n@adobe.com','https://mediafire.com'),(269,'Grange Hankinson','ghankinson1o@businesswire.com','https://microsoft.com'),(270,'Wash Keymer','wkeymer1p@washington.edu','https://eepurl.com'),(271,'Yule Rentalll','yrentalll1q@google.ca','http://ucoz.ru'),(272,'Chiquita Joseph','cjoseph1r@last.fm','http://pagesperso-orange.fr'),(273,'Cosette Spooner','cspooner1s@uiuc.edu','http://cbsnews.com'),(274,'Kylynn Fane','kfane1t@tmall.com','http://youku.com'),(275,'Jessie Dell Casa','jdell1u@blogs.com','https://nydailynews.com'),(276,'Mariana Marcinkus','mmarcinkus1v@furl.net','http://who.int'),(277,'Rosalinda Chese','rchese1w@google.ru','http://example.com'),(278,'Olympia Winterton','owinterton1x@goodreads.com','http://cmu.edu'),(279,'Averyl Huckerbe','ahuckerbe1y@myspace.com','http://friendfeed.com'),(280,'Joellen Hayler','jhayler1z@cargocollective.com','http://ycombinator.com'),(281,'Cory Carnilian','ccarnilian20@wordpress.org','http://hhs.gov'),(282,'Maia Warnock','mwarnock21@surveymonkey.com','https://dion.ne.jp'),(283,'Cash Cayser','ccayser22@eventbrite.com','http://163.com'),(284,'Clevey Kwietak','ckwietak23@latimes.com','https://csmonitor.com'),(285,'Bartlet MacAfee','bmacafee24@theguardian.com','https://nsw.gov.au'),(286,'Kamilah De Lasci','kde25@newsvine.com','https://fotki.com'),(287,'Genny Tosdevin','gtosdevin26@creativecommons.org','https://businessinsider.com'),(288,'Darlene Borchardt','dborchardt27@businessweek.com','https://phpbb.com'),(289,'Raeann Belliard','rbelliard28@wordpress.com','http://posterous.com'),(290,'Iona Laurant','ilaurant29@prweb.com','http://wordpress.com'),(291,'Maye Rowlinson','mrowlinson2a@addtoany.com','http://jugem.jp'),(292,'Marquita Muress','mmuress2b@netvibes.com','https://soup.io'),(293,'Renate Disbrey','rdisbrey2c@nhs.uk','https://hatena.ne.jp'),(294,'Colly Scorrer','cscorrer2d@sourceforge.net','https://ed.gov'),(295,'Ignacius Keegan','ikeegan2e@tumblr.com','https://abc.net.au'),(296,'Barrett McCorkell','bmccorkell2f@smh.com.au','http://yolasite.com'),(297,'Pearce O\'Gaven','pogaven2g@unesco.org','https://oracle.com'),(298,'Baryram Dicty','bdicty2h@telegraph.co.uk','http://alibaba.com'),(299,'Melisse Pennycord','mpennycord2i@360.cn','http://engadget.com'),(300,'Fraze Eshelby','feshelby2j@examiner.com','http://lulu.com'),(301,'Frederigo Mancktelow','fmancktelow2k@twitter.com','https://ebay.com'),(302,'Wilhelmine Dumbar','wdumbar2l@ovh.net','http://comcast.net'),(303,'Pamela Filipovic','pfilipovic2m@timesonline.co.uk','http://cbsnews.com'),(304,'Vivianne McCrea','vmccrea2n@reverbnation.com','https://washington.edu'),(305,'Zacharia Bottrell','zbottrell2o@google.com.br','https://nationalgeographic.com'),(306,'Selle Hardwidge','shardwidge2p@vimeo.com','http://oracle.com'),(307,'Sephira Redgate','sredgate2q@microsoft.com','http://edublogs.org'),(308,'Stanwood Abbotson','sabbotson2r@exblog.jp','http://4shared.com'),(309,'Pat Boame','pboame0@jimdo.com','https://shutterfly.com'),(310,'Carolynn Pollie','cpollie1@google.it','https://oracle.com'),(311,'Ivory Stute','istute2@fotki.com','http://phpbb.com'),(312,'Renelle Ferrarese','rferrarese3@prlog.org','http://goodreads.com'),(313,'Ines Mansbridge','imansbridge4@parallels.com','http://ebay.co.uk'),(314,'Feliza Eidelman','feidelman5@canalblog.com','https://bbc.co.uk'),(315,'Bordy Drescher','bdrescher6@yale.edu','https://slashdot.org'),(316,'Murial Whiteland','mwhiteland7@istockphoto.com','http://amazon.com'),(317,'Bobinette Reynolds','breynolds8@yolasite.com','http://drupal.org'),(318,'Saxe Algeo','salgeo9@paypal.com','https://ebay.co.uk'),(319,'Logan Stichel','lstichela@drupal.org','http://php.net'),(320,'Meredithe Wilkison','mwilkisonb@ask.com','http://gizmodo.com'),(321,'Bobine Pursey','bpurseyc@skyrock.com','https://bbb.org'),(322,'Sarajane Wharton','swhartond@amazon.co.jp','http://wunderground.com'),(323,'Natty Chasmer','nchasmere@google.cn','https://statcounter.com'),(324,'Goldia Rodgier','grodgierf@va.gov','http://imageshack.us'),(325,'Stephi Silberschatz','ssilberschatzg@hud.gov','https://wordpress.com'),(326,'Holly Ghelardi','hghelardih@a8.net','https://techcrunch.com'),(327,'Bernetta Auguste','baugustei@networksolutions.com','https://seesaa.net'),(328,'Frederik Stuttman','fstuttmanj@unesco.org','http://wix.com'),(329,'Elladine Egleton','eegletonk@printfriendly.com','https://arstechnica.com'),(330,'Ally Hurtado','ahurtadol@feedburner.com','https://ebay.com'),(331,'Richart Masterson','rmastersonm@latimes.com','http://fda.gov'),(332,'Ame Tamplin','atamplinn@ameblo.jp','https://creativecommons.org'),(333,'Aigneis Oxtarby','aoxtarbyo@dyndns.org','http://java.com'),(334,'Roslyn Norkett','rnorkettp@jugem.jp','http://elpais.com'),(335,'Loleta Beynon','lbeynonq@dropbox.com','https://archive.org'),(336,'Carlin Kefford','ckeffordr@webeden.co.uk','https://t.co'),(337,'Felike Severy','fseverys@microsoft.com','http://dedecms.com'),(338,'Ramsay Huerta','rhuertat@dropbox.com','http://state.gov'),(339,'Guthrey Datte','gdatteu@usda.gov','http://mediafire.com'),(340,'Dionis Python','dpythonv@slideshare.net','http://shinystat.com'),(341,'Judi Collingwood','jcollingwoodw@ftc.gov','https://noaa.gov'),(342,'Jerald Malter','jmalterx@google.co.uk','http://slashdot.org'),(343,'Sunny Feavyour','sfeavyoury@wired.com','https://goo.ne.jp'),(344,'Cherice Lies','cliesz@fastcompany.com','http://delicious.com'),(345,'Greg Goult','ggoult10@wikimedia.org','http://tinyurl.com'),(346,'Alikee Ronald','aronald11@nyu.edu','http://alexa.com'),(347,'Dani Wildash','dwildash12@mozilla.com','http://free.fr'),(348,'Geno Fearnyough','gfearnyough13@themeforest.net','https://skyrock.com'),(349,'Thayne Dymott','tdymott14@nbcnews.com','https://miibeian.gov.cn'),(350,'Federica McConachie','fmcconachie15@usda.gov','https://nasa.gov'),(351,'Emanuel Corfield','ecorfield16@yahoo.co.jp','http://marriott.com'),(352,'Dusty Leopold','dleopold17@ftc.gov','https://patch.com'),(353,'Barbaraanne O\'Hagerty','bohagerty18@sun.com','https://trellian.com'),(354,'Bale Minnis','bminnis19@census.gov','https://yellowbook.com'),(355,'Kameko Joinson','kjoinson1a@chronoengine.com','http://sciencedaily.com'),(356,'Eileen Springett','espringett1b@china.com.cn','https://example.com'),(357,'Elvyn Chattoe','echattoe1c@lycos.com','https://stumbleupon.com'),(358,'Willie Childerley','wchilderley1d@independent.co.uk','https://berkeley.edu'),(359,'Kessia Dorant','kdorant1e@tinypic.com','http://bluehost.com'),(360,'Kimmi Storks','kstorks1f@economist.com','http://shinystat.com'),(361,'Lowe Cadd','lcadd1g@t-online.de','http://google.com.au'),(362,'Normie Berr','nberr1h@over-blog.com','https://comcast.net'),(363,'Koren Tredwell','ktredwell1i@twitpic.com','https://timesonline.co.uk'),(364,'Sasha Siggin','ssiggin1j@elegantthemes.com','http://hugedomains.com'),(365,'Gayel Maybery','gmaybery1k@cornell.edu','http://netscape.com'),(366,'Carr Stickles','cstickles1l@apache.org','https://jimdo.com'),(367,'Maressa Bye','mbye1m@walmart.com','https://youku.com'),(368,'Barr Duplock','bduplock1n@google.nl','http://mail.ru'),(369,'Sebastiano Newvill','snewvill1o@indiegogo.com','https://icio.us'),(370,'Niels Coupman','ncoupman1p@smugmug.com','https://ovh.net'),(371,'Timmy Scotland','tscotland1q@sitemeter.com','https://indiatimes.com'),(372,'Rosaline Gai','rgai1r@geocities.com','https://who.int'),(373,'Karlyn Tortis','ktortis1s@booking.com','http://wordpress.org'),(374,'Holmes Duinbleton','hduinbleton1t@amazonaws.com','http://mozilla.com'),(375,'Emmett Blasing','eblasing1u@yahoo.co.jp','http://mediafire.com'),(376,'Karol Burchnall','kburchnall1v@pbs.org','https://dyndns.org'),(377,'Shelba Hadland','shadland1w@bandcamp.com','http://guardian.co.uk'),(378,'Heall Bedborough','hbedborough1x@businessinsider.com','http://go.com'),(379,'Kevan Thomas','kthomas1y@google.com.au','https://purevolume.com'),(380,'Carce Bushill','cbushill1z@cbsnews.com','https://purevolume.com'),(381,'Christen Chantillon','cchantillon20@ocn.ne.jp','https://google.it'),(382,'Aveline McLay','amclay21@delicious.com','https://un.org'),(383,'Randie Sanper','rsanper22@theguardian.com','https://amazon.co.jp'),(384,'Guillermo Hourihane','ghourihane23@opera.com','https://mediafire.com'),(385,'Sauncho Reddy','sreddy24@amazon.com','http://wired.com'),(386,'Ilsa Desborough','idesborough25@java.com','https://ifeng.com'),(387,'Ethelyn De Bruijne','ede26@columbia.edu','http://ocn.ne.jp'),(388,'Husain Duran','hduran27@wiley.com','http://prnewswire.com'),(389,'Kissiah Byart','kbyart28@twitpic.com','https://springer.com'),(390,'Antony Wales','awales29@va.gov','https://wsj.com'),(391,'Blythe Anselm','banselm2a@arizona.edu','https://over-blog.com'),(392,'Angel Combes','acombes2b@umich.edu','http://icio.us'),(393,'Bunnie Croster','bcroster2c@home.pl','https://java.com'),(394,'Beverie Myers','bmyers2d@mtv.com','https://discuz.net'),(395,'Elnore Corbould','ecorbould2e@omniture.com','https://harvard.edu'),(396,'Gnni Gracewood','ggracewood2f@bbb.org','https://php.net'),(397,'Danita Pollett','dpollett2g@opera.com','http://google.co.jp'),(398,'Berk Greenhalf','bgreenhalf2h@weather.com','http://miitbeian.gov.cn'),(399,'Kathi Crane','kcrane2i@rakuten.co.jp','https://tuttocitta.it'),(400,'Dell Jenkison','djenkison2j@gov.uk','http://reddit.com'),(401,'Marlo Lief','mlief2k@sphinn.com','https://redcross.org'),(402,'Daryl Wheeler','dwheeler2l@bbb.org','https://ustream.tv'),(403,'Grete Annesley','gannesley2m@tiny.cc','https://upenn.edu'),(404,'Demott McGoldrick','dmcgoldrick2n@exblog.jp','http://businesswire.com'),(405,'Modestia Leese','mleese2o@nps.gov','http://sun.com'),(406,'Witty Baison','wbaison2p@craigslist.org','https://dagondesign.com'),(407,'Thurston Coghlin','tcoghlin2q@cnet.com','http://example.com'),(408,'Chaddy Broxholme','cbroxholme2r@pbs.org','https://ft.com'),(409,'Thurstan Delve','tdelve0@sciencedaily.com','https://godaddy.com'),(410,'Karmen Scorey','kscorey1@pcworld.com','http://devhub.com'),(411,'Cal Cocking','ccocking2@foxnews.com','http://smugmug.com'),(412,'Robbyn Metcalf','rmetcalf3@about.com','https://smh.com.au'),(413,'Drake Ashmore','dashmore4@wsj.com','https://jigsy.com'),(414,'Caressa Revington','crevington5@washingtonpost.com','https://360.cn'),(415,'Quentin Passie','qpassie6@discuz.net','https://berkeley.edu'),(416,'Tirrell Wringe','twringe7@de.vu','https://ucsd.edu'),(417,'Rouvin Coppard','rcoppard8@nba.com','https://sourceforge.net'),(418,'Ursala Strowther','ustrowther9@weebly.com','http://tinypic.com'),(419,'Evelyn Windows','ewindowsa@4shared.com','http://gizmodo.com'),(420,'Aleda Zeplin','azeplinb@sohu.com','http://ovh.net'),(421,'Mira Crallan','mcrallanc@gizmodo.com','https://miitbeian.gov.cn'),(422,'Ivan Sines','isinesd@ebay.com','https://mashable.com'),(423,'King Sesser','ksessere@ihg.com','http://canalblog.com'),(424,'Darci Laverock','dlaverockf@t-online.de','http://blinklist.com'),(425,'Hedwiga Salvin','hsalving@yahoo.co.jp','https://uol.com.br'),(426,'Turner Bradley','tbradleyh@tmall.com','https://wp.com'),(427,'Dodie Mitchenson','dmitchensoni@netvibes.com','https://msn.com'),(428,'Britteny Tort','btortj@webs.com','http://vk.com'),(429,'Christalle Stammer','cstammerk@furl.net','https://wisc.edu'),(430,'Gilburt Schrader','gschraderl@theatlantic.com','https://vistaprint.com'),(431,'Alli Rase','arasem@theglobeandmail.com','http://wisc.edu'),(432,'Rozina Willsmore','rwillsmoren@oracle.com','http://people.com.cn'),(433,'Aline Geer','ageero@so-net.ne.jp','http://sohu.com'),(434,'Fanny Sherlaw','fsherlawp@mit.edu','http://dion.ne.jp'),(435,'Lacee Mapledoore','lmapledooreq@simplemachines.org','http://msn.com'),(436,'Gretel Piffe','gpiffer@sogou.com','https://storify.com'),(437,'Scott Marvin','smarvins@mayoclinic.com','http://berkeley.edu'),(438,'Gaby Sterrick','gsterrickt@exblog.jp','http://ezinearticles.com'),(439,'Donalt Chieze','dchiezeu@cbc.ca','https://arstechnica.com'),(440,'Carlin Donner','cdonnerv@army.mil','http://nyu.edu'),(441,'Christiano Filipowicz','cfilipowiczw@rambler.ru','http://plala.or.jp'),(442,'Dante Keat','dkeatx@samsung.com','https://t-online.de'),(443,'Shay Domleo','sdomleoy@blog.com','https://google.com.br'),(444,'Reidar Copo','rcopoz@uol.com.br','http://vistaprint.com'),(445,'Edouard Borne','eborne10@clickbank.net','https://github.io'),(446,'Terrie Winckle','twinckle11@t.co','https://ehow.com'),(447,'Karoly Cuttler','kcuttler12@engadget.com','http://tiny.cc'),(448,'Tabbi Petit','tpetit13@flavors.me','http://ihg.com'),(449,'Fifine D\'eye','fdeye14@privacy.gov.au','https://networkadvertising.org'),(450,'Grannie Scurrer','gscurrer15@yellowbook.com','https://constantcontact.com'),(451,'Bendite Tabour','btabour16@usgs.gov','https://multiply.com'),(452,'Madelina Roomes','mroomes17@theglobeandmail.com','http://blogspot.com'),(453,'Dody Robez','drobez18@bigcartel.com','https://yale.edu'),(454,'Kissee Drust','kdrust19@bbb.org','http://techcrunch.com'),(455,'Daven Gherardesci','dgherardesci1a@census.gov','http://pinterest.com'),(456,'Glenden Worsall','gworsall1b@engadget.com','https://bigcartel.com'),(457,'Sonni Tuckwood','stuckwood1c@huffingtonpost.com','https://scribd.com'),(458,'Lemmy Di Frisco','ldi1d@ftc.gov','https://devhub.com'),(459,'Barbra Magowan','bmagowan1e@comcast.net','http://fema.gov'),(460,'Derrik Hammon','dhammon1f@indiegogo.com','https://nhs.uk'),(461,'Sharia Peegrem','speegrem1g@engadget.com','https://ameblo.jp'),(462,'Ellery Bodechon','ebodechon1h@joomla.org','http://csmonitor.com'),(463,'Holli Gonoude','hgonoude1i@techcrunch.com','https://skype.com'),(464,'Elena Chanter','echanter1j@apache.org','http://rediff.com'),(465,'Trudi Dumbleton','tdumbleton1k@bbb.org','http://google.com.au'),(466,'Tull Cadreman','tcadreman1l@ebay.com','http://squarespace.com'),(467,'Jacquetta Skey','jskey1m@vkontakte.ru','http://a8.net'),(468,'Marchelle Margach','mmargach1n@ocn.ne.jp','http://1und1.de'),(469,'Angie Jeanes','ajeanes1o@cyberchimps.com','https://cargocollective.com'),(470,'Ronnica Goodoune','rgoodoune1p@desdev.cn','https://gravatar.com'),(471,'Cyndie Troker','ctroker1q@freewebs.com','https://woothemes.com'),(472,'Felizio Madison','fmadison1r@arstechnica.com','http://mlb.com'),(473,'Elwira Oret','eoret1s@csmonitor.com','https://bbc.co.uk'),(474,'Ileana Ramsby','iramsby1t@seesaa.net','https://opensource.org'),(475,'Westleigh Gellan','wgellan1u@twitter.com','http://narod.ru'),(476,'Jennie Hauxby','jhauxby1v@wikia.com','https://ow.ly'),(477,'Duff Laddle','dladdle1w@addtoany.com','http://sfgate.com'),(478,'Aguistin Christiensen','achristiensen1x@dropbox.com','http://salon.com'),(479,'Tamqrah Paull','tpaull1y@latimes.com','https://wp.com'),(480,'Laurella Messingham','lmessingham1z@bbc.co.uk','https://forbes.com'),(481,'Hanny Nodin','hnodin20@bloomberg.com','http://loc.gov'),(482,'Arlyne Gammell','agammell21@webnode.com','https://hud.gov'),(483,'Blithe Beggs','bbeggs22@typepad.com','http://cyberchimps.com'),(484,'Libby O\'Currigan','locurrigan23@mayoclinic.com','http://newsvine.com'),(485,'Harland Mockford','hmockford24@comcast.net','https://opera.com'),(486,'Derry Parsall','dparsall25@pcworld.com','http://histats.com'),(487,'Enid Bane','ebane26@dmoz.org','https://netlog.com'),(488,'Mariejeanne Ostrich','mostrich27@example.com','https://hostgator.com'),(489,'Ricky Hardan','rhardan28@yelp.com','https://icq.com'),(490,'Judith Hansed','jhansed29@twitpic.com','http://techcrunch.com'),(491,'Alvira Gligoraci','agligoraci2a@free.fr','https://topsy.com'),(492,'Annmarie Gonet','agonet2b@dailymotion.com','http://sogou.com'),(493,'Nathanial MacShirrie','nmacshirrie2c@desdev.cn','http://nifty.com'),(494,'Hakeem Stanier','hstanier2d@toplist.cz','https://networksolutions.com'),(495,'Reggie Grubb','rgrubb2e@craigslist.org','https://desdev.cn'),(496,'Desiree Hallum','dhallum2f@arizona.edu','http://dagondesign.com'),(497,'Clare Shingler','cshingler2g@zdnet.com','http://tiny.cc'),(498,'Adelaida Luto','aluto2h@nydailynews.com','https://sakura.ne.jp'),(499,'Thomasin Langdale','tlangdale2i@joomla.org','https://nymag.com'),(500,'Lyndsie Grayston','lgrayston2j@delicious.com','https://state.gov'),(501,'Jeniffer Plinck','jplinck2k@unblog.fr','https://hexun.com'),(502,'Elena MacDwyer','emacdwyer2l@ucsd.edu','https://washington.edu'),(503,'Shoshana Sewell','ssewell2m@deviantart.com','http://nasa.gov'),(504,'Purcell Wennington','pwennington2n@technorati.com','https://nymag.com'),(505,'Abagael Twiddy','atwiddy2o@sciencedirect.com','https://canalblog.com'),(506,'Meagan Benny','mbenny2p@army.mil','http://nih.gov'),(507,'Glyn Toner','gtoner2q@nifty.com','http://theatlantic.com'),(508,'Ellsworth Bourthouloume','ebourthouloume2r@youtu.be','https://stumbleupon.com'),(509,'Jude Spafford','jspafford0@fotki.com','http://bloglovin.com'),(510,'Alyda Hobgen','ahobgen1@xinhuanet.com','http://cam.ac.uk'),(511,'Vance De Beauchamp','vde2@hatena.ne.jp','https://live.com'),(512,'Darcy Cutforth','dcutforth3@sourceforge.net','http://ezinearticles.com'),(513,'Maudie Weddeburn','mweddeburn4@google.com.au','http://netlog.com'),(514,'Karry Towse','ktowse5@unesco.org','http://i2i.jp'),(515,'Lanie Moryson','lmoryson6@weibo.com','http://altervista.org'),(516,'Lucius Fernan','lfernan7@stanford.edu','http://github.com'),(517,'Rosabel Gormally','rgormally8@sciencedaily.com','https://reddit.com'),(518,'Elmer Gaffney','egaffney9@xrea.com','https://networkadvertising.org'),(519,'Julietta Stollenberg','jstollenberga@virginia.edu','https://twitter.com'),(520,'Sela Abels','sabelsb@tinyurl.com','http://youtube.com'),(521,'Farris Jenicke','fjenickec@symantec.com','http://wix.com'),(522,'Kate Svanetti','ksvanettid@uol.com.br','https://prlog.org'),(523,'Burnaby O\'Farris','bofarrise@dyndns.org','http://w3.org'),(524,'Andriana Nodes','anodesf@nifty.com','https://sciencedirect.com'),(525,'Katey Dummigan','kdummigang@biblegateway.com','http://lulu.com'),(526,'Karna Itzkovici','kitzkovicih@thetimes.co.uk','http://state.gov'),(527,'Rik Silversmidt','rsilversmidti@patch.com','https://pen.io'),(528,'Hasheem Hearle','hhearlej@sitemeter.com','http://opera.com'),(529,'Reed Higounet','rhigounetk@unicef.org','https://dailymail.co.uk'),(530,'Mireille Syddie','msyddiel@google.com.br','http://t.co'),(531,'Fields Woodworth','fwoodworthm@fastcompany.com','https://odnoklassniki.ru'),(532,'Seline Pallent','spallentn@buzzfeed.com','http://yale.edu'),(533,'Lynnette Jarad','ljarado@hibu.com','https://amazon.co.jp'),(534,'Howard Cantua','hcantuap@independent.co.uk','http://house.gov'),(535,'Frieda Ricciardiello','fricciardielloq@apache.org','http://yandex.ru'),(536,'Joline Berkeley','jberkeleyr@senate.gov','http://elegantthemes.com'),(537,'Nicolis Murrigan','nmurrigans@drupal.org','https://youtube.com'),(538,'Jose Theurer','jtheurert@bloomberg.com','https://list-manage.com'),(539,'Kari Cremins','kcreminsu@com.com','https://netlog.com'),(540,'Ogdan Frisby','ofrisbyv@webnode.com','https://nyu.edu'),(541,'Alric Baruch','abaruchw@exblog.jp','http://diigo.com'),(542,'Ester Garratty','egarrattyx@google.ru','http://dmoz.org'),(543,'Darnell Elacoate','delacoatey@ehow.com','https://barnesandnoble.com'),(544,'Junette Galton','jgaltonz@dedecms.com','http://123-reg.co.uk'),(545,'Vachel Ilyenko','vilyenko10@mtv.com','https://cnn.com'),(546,'Thaxter Crampsy','tcrampsy11@ning.com','http://ftc.gov'),(547,'Horst Livingstone','hlivingstone12@deviantart.com','https://meetup.com'),(548,'Glenn Portwain','gportwain13@live.com','https://tripod.com'),(549,'Nickey Danshin','ndanshin14@stumbleupon.com','https://huffingtonpost.com'),(550,'Lock Pawlata','lpawlata15@taobao.com','http://wiley.com'),(551,'Dorothy Vasyanin','dvasyanin16@stumbleupon.com','https://elegantthemes.com'),(552,'Edna Figura','efigura17@marriott.com','http://goo.gl'),(553,'Chic Chamberlen','cchamberlen18@wikimedia.org','http://mozilla.com'),(554,'Shell Paniman','spaniman19@amazon.com','https://example.com'),(555,'Christy Izatt','cizatt1a@globo.com','http://nature.com'),(556,'Coraline Hilldrup','chilldrup1b@si.edu','https://independent.co.uk'),(557,'Hedi Thornton-Dewhirst','hthorntondewhirst1c@mapy.cz','http://harvard.edu'),(558,'Christie Studde','cstudde1d@thetimes.co.uk','http://etsy.com'),(559,'Kaycee Nerne','knerne1e@dailymail.co.uk','https://artisteer.com'),(560,'Gabriellia Boschmann','gboschmann1f@mediafire.com','http://amazon.com'),(561,'Marline Shillom','mshillom1g@google.ru','https://mtv.com'),(562,'Adelbert Scarlet','ascarlet1h@pcworld.com','https://nsw.gov.au'),(563,'Marnie Ratnege','mratnege1i@unc.edu','https://illinois.edu'),(564,'Kerr Sunman','ksunman1j@devhub.com','https://tamu.edu'),(565,'Kalina de Marco','kde1k@vk.com','http://webmd.com'),(566,'Sonny Preator','spreator1l@tumblr.com','https://blogger.com'),(567,'Waldon Dryburgh','wdryburgh1m@unc.edu','https://jiathis.com'),(568,'Austin Casterton','acasterton1n@cnet.com','http://google.co.jp'),(569,'Josephina Finnis','jfinnis1o@ask.com','https://hc360.com'),(570,'Guillemette Helian','ghelian1p@wiley.com','http://dell.com'),(571,'Jamison Danielis','jdanielis1q@hexun.com','https://sakura.ne.jp'),(572,'Saree Grassin','sgrassin1r@oakley.com','https://prlog.org'),(573,'Nathaniel Brouwer','nbrouwer1s@shutterfly.com','http://bandcamp.com'),(574,'Fredrick Martynov','fmartynov1t@shareasale.com','https://tripadvisor.com'),(575,'Cassandry Grotty','cgrotty1u@163.com','https://merriam-webster.com'),(576,'Cassandra Raubenheim','craubenheim1v@goo.gl','https://rakuten.co.jp'),(577,'Baird McCathy','bmccathy1w@instagram.com','http://timesonline.co.uk'),(578,'Maddy Joskowicz','mjoskowicz1x@yellowpages.com','http://a8.net'),(579,'Garreth Dacre','gdacre1y@dropbox.com','https://chron.com'),(580,'Job Deighton','jdeighton1z@apache.org','http://jugem.jp'),(581,'Vanessa Jocelyn','vjocelyn20@stanford.edu','http://cdc.gov'),(582,'Reggis O\'Shields','roshields21@cdbaby.com','https://webnode.com'),(583,'Bartlet Wyson','bwyson22@seattletimes.com','http://istockphoto.com'),(584,'Tuckie Parkman','tparkman23@digg.com','https://istockphoto.com'),(585,'Bordy Neathway','bneathway24@microsoft.com','http://google.fr'),(586,'Genevieve Campanelli','gcampanelli25@woothemes.com','http://oakley.com'),(587,'Lettie Jakolevitch','ljakolevitch26@prweb.com','http://amazon.com'),(588,'Sarena Pittford','spittford27@moonfruit.com','http://hao123.com'),(589,'Patrizia Howitt','phowitt28@rediff.com','https://altervista.org'),(590,'Alasdair Cron','acron29@adobe.com','http://cargocollective.com'),(591,'Danica McCuthais','dmccuthais2a@china.com.cn','http://vkontakte.ru'),(592,'Lori Sands-Allan','lsandsallan2b@nhs.uk','http://spiegel.de'),(593,'Julio Gudde','jgudde2c@miitbeian.gov.cn','http://youku.com'),(594,'Arlin Hurdedge','ahurdedge2d@feedburner.com','https://adobe.com'),(595,'Selina Keddy','skeddy2e@vinaora.com','http://istockphoto.com'),(596,'Quincey Ennever','qennever2f@amazon.co.jp','http://ycombinator.com'),(597,'Reggie Arnot','rarnot2g@vinaora.com','http://discuz.net'),(598,'Carlo Benzi','cbenzi2h@ustream.tv','http://symantec.com'),(599,'Corene Glasheen','cglasheen2i@youku.com','http://php.net'),(600,'Claudia Beedie','cbeedie2j@lulu.com','http://wordpress.org'),(601,'Marylou Treasure','mtreasure2k@naver.com','https://thetimes.co.uk'),(602,'Skye Deerr','sdeerr2l@skype.com','https://typepad.com'),(603,'Aluin Maginn','amaginn2m@hhs.gov','https://newsvine.com'),(604,'Milli Mease','mmease2n@shutterfly.com','https://delicious.com'),(605,'Anitra Stroban','astroban2o@youku.com','http://skyrock.com'),(606,'Tedra Ollin','tollin2p@google.com.hk','http://phoca.cz'),(607,'Elita Greenlees','egreenlees2q@telegraph.co.uk','http://slate.com'),(608,'Belia Alwen','balwen2r@craigslist.org','https://webnode.com'),(609,'Sidoney Dagon','sdagon0@apple.com','http://facebook.com'),(610,'Jessa Menco','jmenco1@fc2.com','https://apple.com'),(611,'Zerk Punchard','zpunchard2@photobucket.com','http://google.co.uk'),(612,'Lilli Skelding','lskelding3@tamu.edu','https://utexas.edu'),(613,'Giana Cossons','gcossons4@etsy.com','https://123-reg.co.uk'),(614,'Jana Loudian','jloudian5@fc2.com','https://foxnews.com'),(615,'Sibel L\'argent','slargent6@google.ru','http://columbia.edu'),(616,'Beulah Mathivon','bmathivon7@pcworld.com','https://google.co.uk'),(617,'Boyce Ruse','bruse8@blogger.com','http://bigcartel.com'),(618,'Heidie Hardwidge','hhardwidge9@tumblr.com','https://utexas.edu'),(619,'Gare Thay','gthaya@com.com','http://biblegateway.com'),(620,'Ethan Twomey','etwomeyb@about.com','https://amazon.co.jp'),(621,'Glendon Goter','ggoterc@twitpic.com','http://homestead.com'),(622,'Lilla Paye','lpayed@bloglines.com','http://usatoday.com'),(623,'Gunther Adkins','gadkinse@blinklist.com','https://upenn.edu'),(624,'Jeffrey Frid','jfridf@biblegateway.com','http://theguardian.com'),(625,'Montgomery Stanton','mstantong@odnoklassniki.ru','https://paypal.com'),(626,'Barnabas Harborow','bharborowh@mail.ru','http://imdb.com'),(627,'Karalynn De L\'Isle','kdei@wsj.com','http://unesco.org'),(628,'Petronille Soffe','psoffej@examiner.com','https://squarespace.com'),(629,'Dennet Haverson','dhaversonk@tamu.edu','http://foxnews.com'),(630,'Kacy Upwood','kupwoodl@hc360.com','https://delicious.com'),(631,'Doroteya Probbin','dprobbinm@paginegialle.it','https://drupal.org'),(632,'Shena Cubley','scubleyn@geocities.jp','http://sun.com'),(633,'Hewett Sier','hsiero@webnode.com','http://omniture.com'),(634,'Robbert Enser','renserp@mozilla.com','http://msn.com'),(635,'Haroun Gotcher','hgotcherq@xinhuanet.com','https://ask.com'),(636,'Sauveur Cornelisse','scornelisser@storify.com','http://godaddy.com'),(637,'Maybelle Tukesby','mtukesbys@nationalgeographic.com','http://soundcloud.com'),(638,'Isaac Glidden','igliddent@umich.edu','http://guardian.co.uk'),(639,'Bartholomeus Bastard','bbastardu@dropbox.com','https://cmu.edu'),(640,'Amandie Sandeford','asandefordv@google.it','http://furl.net'),(641,'Chandra Blincowe','cblincowew@acquirethisname.com','https://google.fr'),(642,'Gilligan Hastler','ghastlerx@virginia.edu','http://yolasite.com'),(643,'Garrett Pyatt','gpyatty@deliciousdays.com','http://cafepress.com'),(644,'Sebastien Arend','sarendz@xinhuanet.com','http://list-manage.com'),(645,'Leann Milkeham','lmilkeham10@youtu.be','http://geocities.jp'),(646,'Cahra Hazeldine','chazeldine11@artisteer.com','https://surveymonkey.com'),(647,'Andre Chatin','achatin12@meetup.com','https://hostgator.com'),(648,'Filbert Wilce','fwilce13@huffingtonpost.com','https://netvibes.com'),(649,'Rutledge Stidever','rstidever14@intel.com','https://bluehost.com'),(650,'Georgeta Oxbury','goxbury15@studiopress.com','https://eepurl.com'),(651,'Lynelle Wayvill','lwayvill16@java.com','http://comsenz.com'),(652,'Analiese Gabey','agabey17@123-reg.co.uk','http://disqus.com'),(653,'Randie Dunbar','rdunbar18@pcworld.com','http://ameblo.jp'),(654,'Joletta Hearnes','jhearnes19@networkadvertising.org','http://lycos.com'),(655,'Saul Milliere','smilliere1a@stanford.edu','https://home.pl'),(656,'Gale Goodoune','ggoodoune1b@delicious.com','https://ycombinator.com'),(657,'Elita Dugue','edugue1c@dropbox.com','http://noaa.gov'),(658,'Calypso Forri','cforri1d@rambler.ru','https://blogspot.com'),(659,'Rasla Johns','rjohns1e@independent.co.uk','http://microsoft.com'),(660,'Tan Searston','tsearston1f@bandcamp.com','https://furl.net'),(661,'Norrie Nilles','nnilles1g@pinterest.com','https://sakura.ne.jp'),(662,'Marsiella Kunneke','mkunneke1h@mozilla.com','http://bing.com'),(663,'Merry Crimes','mcrimes1i@usda.gov','https://va.gov'),(664,'Donny Bunford','dbunford1j@ucsd.edu','http://pen.io'),(665,'Riki Cuardall','rcuardall1k@vistaprint.com','https://sohu.com'),(666,'Ara Athersmith','aathersmith1l@a8.net','http://dagondesign.com'),(667,'Andros Klehyn','aklehyn1m@oaic.gov.au','https://addtoany.com'),(668,'Rinaldo Cresar','rcresar1n@sourceforge.net','https://vk.com'),(669,'Arlyne Gorges','agorges1o@imdb.com','http://artisteer.com'),(670,'Clemmy Corinton','ccorinton1p@dailymotion.com','http://deliciousdays.com'),(671,'Shayne Cranage','scranage1q@exblog.jp','https://indiatimes.com'),(672,'Katy Wimms','kwimms1r@bigcartel.com','https://pinterest.com'),(673,'Leif Huddles','lhuddles1s@eventbrite.com','https://ucla.edu'),(674,'Selig Britian','sbritian1t@scientificamerican.com','http://bbc.co.uk'),(675,'Mercie Kinver','mkinver1u@about.com','https://prweb.com'),(676,'Buiron Mullarkey','bmullarkey1v@wikipedia.org','https://google.de'),(677,'Clo Rein','crein1w@yelp.com','http://addthis.com'),(678,'Jacinda Kildale','jkildale1x@vkontakte.ru','http://mapquest.com'),(679,'Adrian Burner','aburner1y@wired.com','http://spotify.com'),(680,'Lodovico McGenn','lmcgenn1z@is.gd','http://phoca.cz'),(681,'Henderson Maddra','hmaddra20@blogspot.com','http://ehow.com'),(682,'Tedi Conibear','tconibear21@studiopress.com','http://pen.io'),(683,'Aimil Pfertner','apfertner22@wikispaces.com','http://hatena.ne.jp'),(684,'Olenka Malpas','omalpas23@nasa.gov','http://behance.net'),(685,'Hildegarde Hedger','hhedger24@nhs.uk','https://google.cn'),(686,'Shepperd Elphee','selphee25@businessinsider.com','https://google.it'),(687,'Suzanne Chatto','schatto26@homestead.com','http://rakuten.co.jp'),(688,'Robyn Guisot','rguisot27@elegantthemes.com','http://blogspot.com'),(689,'Holt Pullin','hpullin28@jimdo.com','https://github.io'),(690,'Marget Colliard','mcolliard29@vkontakte.ru','https://google.cn'),(691,'Sigismundo Baumaier','sbaumaier2a@guardian.co.uk','https://sogou.com'),(692,'Lira Tythacott','ltythacott2b@ucsd.edu','https://theglobeandmail.com'),(693,'Cicely McDonogh','cmcdonogh2c@tinyurl.com','http://state.tx.us'),(694,'Tyson Dupoy','tdupoy2d@google.co.uk','http://symantec.com'),(695,'Lorine Nesterov','lnesterov2e@ustream.tv','http://admin.ch'),(696,'Derrik Thackeray','dthackeray2f@prweb.com','https://creativecommons.org'),(697,'Sherline Merrigan','smerrigan2g@smh.com.au','https://latimes.com'),(698,'Carmelia Capon','ccapon2h@timesonline.co.uk','http://altervista.org'),(699,'Vallie Winkworth','vwinkworth2i@ustream.tv','http://virginia.edu'),(700,'Madelon O\' Dornan','mo2j@sakura.ne.jp','https://businessinsider.com'),(701,'Roxie Budget','rbudget2k@sun.com','https://moonfruit.com'),(702,'Petronia Kenwood','pkenwood2l@sun.com','http://ftc.gov'),(703,'Heinrik Adshed','hadshed2m@tumblr.com','https://nasa.gov'),(704,'Win Overall','woverall2n@arizona.edu','https://baidu.com'),(705,'Sanderson Fossett','sfossett2o@illinois.edu','https://java.com'),(706,'Evvie Mobbs','emobbs2p@salon.com','http://fema.gov'),(707,'Abdul McConnachie','amcconnachie2q@businessinsider.com','https://so-net.ne.jp'),(708,'Artair Southers','asouthers2r@google.ca','https://hexun.com'),(709,'Kirby Farquar','kfarquar0@so-net.ne.jp','http://reference.com'),(710,'Catharina Learoid','clearoid1@ifeng.com','http://g.co'),(711,'Jacinthe Bucksey','jbucksey2@mlb.com','http://constantcontact.com'),(712,'Riley Pickavant','rpickavant3@nsw.gov.au','https://goo.ne.jp'),(713,'Siffre Castellanos','scastellanos4@nba.com','https://mysql.com'),(714,'Artur Riley','ariley5@dion.ne.jp','https://vimeo.com'),(715,'Evangeline Jinkinson','ejinkinson6@pbs.org','http://freewebs.com'),(716,'Harriette Pattisson','hpattisson7@macromedia.com','https://wiley.com'),(717,'Nadia Parnaby','nparnaby8@cam.ac.uk','https://unblog.fr'),(718,'Josselyn McMearty','jmcmearty9@apache.org','http://whitehouse.gov'),(719,'Mariel Maudling','mmaudlinga@yandex.ru','https://123-reg.co.uk'),(720,'Lynda Laban','llabanb@pinterest.com','http://youtube.com'),(721,'Pearline Eunson','peunsonc@xing.com','https://wiley.com'),(722,'Grayce Quarterman','gquartermand@xing.com','http://netscape.com'),(723,'Fabien Scurrer','fscurrere@vistaprint.com','https://bloglovin.com'),(724,'Mayer Ollivier','mollivierf@github.io','http://shinystat.com'),(725,'Reeva Dugmore','rdugmoreg@ow.ly','https://theatlantic.com'),(726,'Jeniece Rainbird','jrainbirdh@theatlantic.com','http://dion.ne.jp'),(727,'Marlo Manderson','mmandersoni@cnn.com','http://aol.com'),(728,'Grantham Bellino','gbellinoj@cnet.com','https://trellian.com'),(729,'Norry McGurgan','nmcgurgank@so-net.ne.jp','https://hao123.com'),(730,'Zacharia Hoffmann','zhoffmannl@mashable.com','http://qq.com'),(731,'Mable Codrington','mcodringtonm@smugmug.com','http://senate.gov'),(732,'Cherish Rugge','cruggen@cafepress.com','http://google.com.au'),(733,'Leonore McTavish','lmctavisho@mashable.com','https://artisteer.com'),(734,'Zora Brian','zbrianp@jiathis.com','http://amazon.com'),(735,'Marnie Teligin','mteliginq@princeton.edu','https://yellowbook.com'),(736,'Madelon Clandillon','mclandillonr@loc.gov','http://bizjournals.com'),(737,'Carry Foss','cfosss@yellowpages.com','https://jugem.jp'),(738,'Sibyl Whitney','swhitneyt@so-net.ne.jp','http://apple.com'),(739,'Livia Shoemark','lshoemarku@printfriendly.com','https://theatlantic.com'),(740,'Netty Gogay','ngogayv@pinterest.com','http://shinystat.com'),(741,'Nicolais Tolliday','ntollidayw@clickbank.net','https://wordpress.org'),(742,'Kipp Hannent','khannentx@epa.gov','http://adobe.com'),(743,'Karen Athowe','kathowey@narod.ru','http://issuu.com'),(744,'Ferdie Chisolm','fchisolmz@time.com','http://va.gov'),(745,'Randell Schulken','rschulken10@dailymail.co.uk','http://virginia.edu'),(746,'Brodie Gregor','bgregor11@usda.gov','http://addthis.com'),(747,'Sisile Dowles','sdowles12@angelfire.com','https://ucoz.ru'),(748,'Nanice Ingledew','ningledew13@intel.com','http://pbs.org'),(749,'Gordon Latter','glatter14@yellowpages.com','http://seattletimes.com'),(750,'Datha Coxwell','dcoxwell15@netvibes.com','http://pen.io'),(751,'Stevena Sainsbury','ssainsbury16@imdb.com','https://reverbnation.com'),(752,'Antonina Arndt','aarndt17@indiatimes.com','https://instagram.com'),(753,'Albrecht Rigby','arigby18@springer.com','https://bbb.org'),(754,'Florinda Jilkes','fjilkes19@fda.gov','https://facebook.com'),(755,'Wenonah Stirland','wstirland1a@multiply.com','https://mozilla.com'),(756,'Guido Ridgwell','gridgwell1b@friendfeed.com','https://cargocollective.com'),(757,'Nari Paterno','npaterno1c@indiatimes.com','https://irs.gov'),(758,'Dolph Robak','drobak1d@vinaora.com','https://hatena.ne.jp'),(759,'Selina Kimbly','skimbly1e@wp.com','http://redcross.org'),(760,'Salvador Tydd','stydd1f@ning.com','http://harvard.edu'),(761,'Pren Blunsum','pblunsum1g@soup.io','http://alexa.com'),(762,'Marleah Stevani','mstevani1h@google.pl','http://4shared.com'),(763,'Haywood Elgey','helgey1i@about.me','https://google.co.uk'),(764,'Sileas Crowest','scrowest1j@un.org','http://squarespace.com'),(765,'Eleni Leggat','eleggat1k@weebly.com','https://hugedomains.com'),(766,'Karole Richemond','krichemond1l@soundcloud.com','http://4shared.com'),(767,'Janel McCoole','jmccoole1m@hp.com','https://multiply.com'),(768,'Grover Bebb','gbebb1n@godaddy.com','https://xinhuanet.com'),(769,'Fransisco Pawelski','fpawelski1o@ed.gov','https://google.ca'),(770,'Jenica Stenhouse','jstenhouse1p@msn.com','http://hao123.com'),(771,'Lesley Gibbin','lgibbin1q@163.com','http://exblog.jp'),(772,'Willi Eldrid','weldrid1r@rakuten.co.jp','https://de.vu'),(773,'Rodger Yearby','ryearby1s@wunderground.com','https://blog.com'),(774,'Faydra Hardiker','fhardiker1t@prnewswire.com','http://weibo.com'),(775,'Dun Berling','dberling1u@uol.com.br','https://redcross.org'),(776,'Christiane Feakins','cfeakins1v@cpanel.net','http://pagesperso-orange.fr'),(777,'Cobby Andrzejak','candrzejak1w@chicagotribune.com','http://booking.com'),(778,'Teodor Rewan','trewan1x@sourceforge.net','http://hibu.com'),(779,'Jobey Cornforth','jcornforth1y@creativecommons.org','http://nbcnews.com'),(780,'Barbe Kuhnt','bkuhnt1z@usatoday.com','https://ning.com'),(781,'Rosamund Dohrmann','rdohrmann20@upenn.edu','https://blogger.com'),(782,'Ephrayim Grevatt','egrevatt21@deliciousdays.com','http://ocn.ne.jp'),(783,'Sande Ternault','sternault22@mayoclinic.com','https://phoca.cz'),(784,'Fulton Eales','feales23@facebook.com','https://timesonline.co.uk'),(785,'Zola Inchbald','zinchbald24@nsw.gov.au','https://java.com'),(786,'Salvidor Hucks','shucks25@examiner.com','http://disqus.com'),(787,'Bax Mogenot','bmogenot26@tmall.com','http://bizjournals.com'),(788,'Vallie Bruna','vbruna27@google.pl','http://parallels.com'),(789,'Hendrik Jeeves','hjeeves28@theglobeandmail.com','https://ca.gov'),(790,'Johannes Gingle','jgingle29@techcrunch.com','https://ask.com'),(791,'Max Reisk','mreisk2a@forbes.com','http://com.com'),(792,'Clint Corley','ccorley2b@guardian.co.uk','http://issuu.com'),(793,'Dorris Durham','ddurham2c@uol.com.br','https://weather.com'),(794,'Koral Bellay','kbellay2d@si.edu','http://cbslocal.com'),(795,'Aldus Goldthorp','agoldthorp2e@economist.com','http://jugem.jp'),(796,'Laney Armistead','larmistead2f@nifty.com','http://nps.gov'),(797,'Quillan Beadon','qbeadon2g@shinystat.com','https://cbslocal.com'),(798,'Gwenora Mattisssen','gmattisssen2h@dion.ne.jp','https://ameblo.jp'),(799,'Katy Gutowska','kgutowska2i@reference.com','https://hao123.com'),(800,'Faun Mosten','fmosten2j@ucla.edu','http://businessinsider.com'),(801,'Terrill Standing','tstanding2k@smugmug.com','http://paypal.com'),(802,'Emmerich Spottiswoode','espottiswoode2l@latimes.com','https://tripod.com'),(803,'Berkley Marran','bmarran2m@feedburner.com','http://harvard.edu'),(804,'Jean Dmitrievski','jdmitrievski2n@nsw.gov.au','https://psu.edu'),(805,'Otho Trebilcock','otrebilcock2o@soup.io','http://google.de'),(806,'Drucie Conws','dconws2p@howstuffworks.com','https://surveymonkey.com'),(807,'Torey Nettles','tnettles2q@google.ru','https://dropbox.com'),(808,'Bili Carlo','bcarlo2r@skyrock.com','https://e-recht24.de'),(809,'Winny Vanstone','wvanstone0@drupal.org','http://latimes.com'),(810,'Joshuah Cattermull','jcattermull1@cam.ac.uk','http://themeforest.net'),(811,'D\'arcy Venneur','dvenneur2@topsy.com','https://umich.edu'),(812,'Felecia Dufty','fdufty3@baidu.com','https://diigo.com'),(813,'Dix Geard','dgeard4@apache.org','http://seattletimes.com'),(814,'Jenna Alner','jalner5@multiply.com','https://nps.gov'),(815,'Florence Guille','fguille6@forbes.com','http://dagondesign.com'),(816,'Cam Lugsdin','clugsdin7@icq.com','http://themeforest.net'),(817,'Salome Risely','srisely8@vkontakte.ru','https://jimdo.com'),(818,'Northrup Le Leu','nle9@fastcompany.com','https://umich.edu'),(819,'Cobb Ovise','covisea@seesaa.net','https://rambler.ru'),(820,'Jill Halksworth','jhalksworthb@squidoo.com','https://free.fr'),(821,'Ferd Satcher','fsatcherc@instagram.com','https://bizjournals.com'),(822,'Paulo Magwood','pmagwoodd@netlog.com','https://storify.com'),(823,'Heida Fendlow','hfendlowe@multiply.com','https://reverbnation.com'),(824,'Sinclair Cottesford','scottesfordf@globo.com','https://newyorker.com'),(825,'Allie Faulder','afaulderg@mapy.cz','https://mediafire.com'),(826,'Dennie Aymes','daymesh@wired.com','http://liveinternet.ru'),(827,'Emalia Ruddell','eruddelli@wordpress.org','http://angelfire.com'),(828,'Dyanna Wolver','dwolverj@addtoany.com','http://japanpost.jp'),(829,'Elnora Duhig','eduhigk@skype.com','http://europa.eu'),(830,'Kenton Alwell','kalwelll@friendfeed.com','https://deviantart.com'),(831,'Elisabetta Jillard','ejillardm@pinterest.com','http://reference.com'),(832,'Irita Le Estut','ilen@so-net.ne.jp','https://latimes.com'),(833,'Chuck Moring','cmoringo@yale.edu','http://who.int'),(834,'Everard Sutton','esuttonp@time.com','http://creativecommons.org'),(835,'Blinnie Cruwys','bcruwysq@deliciousdays.com','http://1und1.de'),(836,'Gun Wincer','gwincerr@princeton.edu','http://google.de'),(837,'Sherilyn Trood','stroods@edublogs.org','https://facebook.com'),(838,'Roarke Guerreiro','rguerreirot@amazonaws.com','http://dropbox.com'),(839,'Randene Dusting','rdustingu@istockphoto.com','http://ow.ly'),(840,'Eric Mayfield','emayfieldv@issuu.com','http://typepad.com'),(841,'Lynnette Tideswell','ltideswellw@unc.edu','http://accuweather.com'),(842,'Cher Greensted','cgreenstedx@mlb.com','https://xrea.com'),(843,'Kaleena Papworth','kpapworthy@zdnet.com','https://myspace.com'),(844,'Eudora Harber','eharberz@phpbb.com','http://wikimedia.org'),(845,'Katee Haslen','khaslen10@gmpg.org','https://webmd.com'),(846,'Lamont Domesday','ldomesday11@un.org','https://bluehost.com'),(847,'Fanny Boast','fboast12@nps.gov','http://bigcartel.com'),(848,'Brice McCalister','bmccalister13@hostgator.com','http://liveinternet.ru'),(849,'Gerrie Gaiger','ggaiger14@upenn.edu','https://squarespace.com'),(850,'Arturo Dresche','adresche15@phpbb.com','https://cocolog-nifty.com'),(851,'Mickey Durnall','mdurnall16@bandcamp.com','http://elpais.com'),(852,'Rania Silby','rsilby17@surveymonkey.com','http://xrea.com'),(853,'Brok Manuely','bmanuely18@yellowpages.com','https://cnbc.com'),(854,'Jackie Tumielli','jtumielli19@mit.edu','http://ibm.com'),(855,'Mathias Pilpovic','mpilpovic1a@aol.com','http://stanford.edu'),(856,'Gabie Gircke','ggircke1b@usa.gov','https://hubpages.com'),(857,'Val McConnachie','vmcconnachie1c@nih.gov','http://slideshare.net'),(858,'Querida Herculeson','qherculeson1d@gizmodo.com','http://baidu.com'),(859,'Lannie Cream','lcream1e@springer.com','https://google.pl'),(860,'Jay Hendriks','jhendriks1f@shareasale.com','https://instagram.com'),(861,'Marcus Ramsdell','mramsdell1g@ehow.com','http://cornell.edu'),(862,'Brenna Salzberg','bsalzberg1h@theglobeandmail.com','https://a8.net'),(863,'Noelyn Eldrett','neldrett1i@harvard.edu','http://ucsd.edu'),(864,'Shalom Farnaby','sfarnaby1j@guardian.co.uk','https://about.com'),(865,'Valerie Bere','vbere1k@boston.com','https://moonfruit.com'),(866,'Hector Sebright','hsebright1l@dion.ne.jp','http://chicagotribune.com'),(867,'Jerrome Winter','jwinter1m@apple.com','https://squarespace.com'),(868,'Rene Pren','rpren1n@drupal.org','http://wikia.com'),(869,'Otes Granleese','ogranleese1o@moonfruit.com','http://merriam-webster.com'),(870,'Dillie Nuzzti','dnuzzti1p@dot.gov','https://weibo.com'),(871,'Claudetta Merriman','cmerriman1q@netscape.com','https://wix.com'),(872,'Ilsa Mapledorum','imapledorum1r@friendfeed.com','https://google.ca'),(873,'Sonja Necrews','snecrews1s@google.ca','http://slate.com'),(874,'Fidelio Hairs','fhairs1t@scientificamerican.com','http://typepad.com'),(875,'Kristofer Jewar','kjewar1u@umich.edu','http://patch.com'),(876,'Alberto Smidmore','asmidmore1v@shop-pro.jp','http://nifty.com'),(877,'Nappie Arnaldo','narnaldo1w@webnode.com','http://aol.com'),(878,'Ernesto Levens','elevens1x@thetimes.co.uk','https://adobe.com'),(879,'Marthena Durant','mdurant1y@chicagotribune.com','https://mysql.com'),(880,'Huntlee Carlon','hcarlon1z@msn.com','https://mail.ru'),(881,'Putnam Hetterich','phetterich20@jugem.jp','https://opera.com'),(882,'Reggie Dawney','rdawney21@instagram.com','https://apache.org'),(883,'Bari McTurk','bmcturk22@auda.org.au','https://nytimes.com'),(884,'Isaak Moohan','imoohan23@wikipedia.org','https://edublogs.org'),(885,'Dillon Torel','dtorel24@facebook.com','https://flavors.me'),(886,'Valerye Bairnsfather','vbairnsfather25@craigslist.org','https://virginia.edu'),(887,'Harrie Preddy','hpreddy26@ycombinator.com','http://hc360.com'),(888,'Cart Goady','cgoady27@ca.gov','http://google.fr'),(889,'Onofredo Halliberton','ohalliberton28@twitter.com','https://wordpress.org'),(890,'Shelba Ogus','sogus29@imageshack.us','http://yale.edu'),(891,'Adriane Olivetti','aolivetti2a@networksolutions.com','http://vkontakte.ru'),(892,'Gertrude Houndesome','ghoundesome2b@list-manage.com','http://ca.gov'),(893,'Thurstan Hendricks','thendricks2c@ibm.com','https://bravesites.com'),(894,'Valina Di Biagio','vdi2d@wix.com','https://linkedin.com'),(895,'Redford Northeast','rnortheast2e@google.fr','https://timesonline.co.uk'),(896,'Parnell Ivermee','pivermee2f@dagondesign.com','http://ovh.net'),(897,'Britta Willgoose','bwillgoose2g@joomla.org','http://techcrunch.com'),(898,'Vincenty Middle','vmiddle2h@hc360.com','https://alibaba.com'),(899,'Lyman Rennie','lrennie2i@ameblo.jp','http://indiegogo.com'),(900,'Tammie Gounin','tgounin2j@liveinternet.ru','https://rediff.com'),(901,'Pat Erskine Sandys','perskine2k@posterous.com','https://drupal.org'),(902,'Kasey Geggie','kgeggie2l@walmart.com','https://answers.com'),(903,'Maria Foy','mfoy2m@addthis.com','https://gov.uk'),(904,'Reggis Ceschini','rceschini2n@walmart.com','https://netvibes.com'),(905,'Jillane Hanigan','jhanigan2o@cafepress.com','https://ebay.com'),(906,'Odille Ayerst','oayerst2p@usda.gov','http://about.com'),(907,'Jemmie Brangan','jbrangan2q@spiegel.de','https://who.int'),(908,'Hendrika Kalinke','hkalinke2r@google.es','http://foxnews.com');


--
-- Table structure for table `editora`
--

DROP TABLE IF EXISTS `editora`;
CREATE TABLE `editora` (
  `id` int NOT NULL AUTO_INCREMENT,
  `nome` varchar(45) NOT NULL,
  `cidade` varchar(45) NOT NULL,
  `telefone` varchar(45) NOT NULL,
  `email` varchar(100) NOT NULL,
  `website` varchar(100) NOT NULL,
  PRIMARY KEY (`id`)
);


--
-- Dumping data for table `editora`
--

INSERT INTO `editora` VALUES (1,'Novatec','Sao Paulo','11 212125454','novatec@email.com','www.novatec.com.br'),(2,'Ciência Moderna','Rio de Janeiro','21 320145454','cienciamoderna@email.com','www.cienciamoderna.com.br'),(3,'LTC','Rio de Janeiro','21 35489999','ltc@email.com','www.editoraltc.com.br');


--
-- Table structure for table `livro`
--

DROP TABLE IF EXISTS `livro`;
CREATE TABLE `livro` (
  `id` int NOT NULL AUTO_INCREMENT,
  `titulo` varchar(150) NOT NULL,
  `isbn` varchar(45) NOT NULL,
  `numpaginas` int NOT NULL,
  `numedicao` int NOT NULL,
  `anopublicacao` int NOT NULL,
  `id_editora` int NOT NULL,
  PRIMARY KEY (`id`),
  KEY `fk_codEdotira_codlivro_idx` (`id_editora`),
  CONSTRAINT `fk_livro_1` FOREIGN KEY (`id_editora`) REFERENCES `editora` (`id`)
);


--
-- Dumping data for table `livro`
--

INSERT INTO `livro` VALUES (2,'Java na web com JSF, Spring, Hibernate e Netbeans 6: de universitários adesenvolvedores','1241214',123,2,2008,1),(4,'Introdução ao AngularJS','212152',158,1,2015,1),(5,'PHP para quem conhece PHP: recursos avançados para a criação de websitesdinâmicos','221539',450,4,2013,1),(40,'PHP Programando com orientação a objetos','852-85-752-465-6',552,3,2015,2);

--
-- Table structure for table `livro_autor`
--

DROP TABLE IF EXISTS `livro_autor`;
CREATE TABLE `livro_autor` (
  `id_livro` int NOT NULL,
  `id_autor` int NOT NULL,
  PRIMARY KEY (`id_autor`,`id_livro`),
  KEY `fk_livro_autor_2_idx` (`id_livro`),
  CONSTRAINT `fk_livro_autor_1` FOREIGN KEY (`id_autor`) REFERENCES `autor` (`id`),
  CONSTRAINT `fk_livro_autor_2` FOREIGN KEY (`id_livro`) REFERENCES `livro` (`id`)
);

--
-- Dumping data for table `livro_autor`
--

INSERT INTO `livro_autor` VALUES (2,149),(4,868),(5,686),(40,256);

--
-- Table structure for table `usuario`
--

DROP TABLE IF EXISTS `usuario`;
CREATE TABLE `usuario` (
  `id` int NOT NULL AUTO_INCREMENT,
  `nome` varchar(45) NOT NULL,
  `login` varchar(45) NOT NULL,
  `senha` varchar(45) NOT NULL,
  `admin` tinyint NOT NULL,
  PRIMARY KEY (`id`)
);

--
-- Dumping data for table `usuario`
--

INSERT INTO `usuario` VALUES (1,'Bob','bob','1234',1),(2,'Jhon','jbh','senha123',0),(3,'admin','admin','admin',1);

